USE [ECommerce]

INSERT [dbo].[ProductBrands] ([Id], [Name], [CreatedBy], [UpdatedBy], [DateTimeCreated], [DateTimeUpdated]) VALUES (N'1744944f-c277-4ab8-b6ed-36bbb5cdc27b', N'React', N'SYSTEM', N'SYSTEM', CAST(N'2022-06-24T16:42:18.8449827+08:00' AS DateTimeOffset), CAST(N'2022-06-24T16:42:18.8449827+08:00' AS DateTimeOffset))
INSERT [dbo].[ProductBrands] ([Id], [Name], [CreatedBy], [UpdatedBy], [DateTimeCreated], [DateTimeUpdated]) VALUES (N'b42329b3-99f3-4164-aba7-61364c58ad03', N'VS Code', N'SYSTEM', N'SYSTEM', CAST(N'2022-06-24T16:42:18.8449827+08:00' AS DateTimeOffset), CAST(N'2022-06-24T16:42:18.8449827+08:00' AS DateTimeOffset))
INSERT [dbo].[ProductBrands] ([Id], [Name], [CreatedBy], [UpdatedBy], [DateTimeCreated], [DateTimeUpdated]) VALUES (N'f027ad40-0043-4363-88d5-6d80c3166c08', N'Typescript', N'SYSTEM', N'SYSTEM', CAST(N'2022-06-24T16:42:18.8449827+08:00' AS DateTimeOffset), CAST(N'2022-06-24T16:42:18.8449827+08:00' AS DateTimeOffset))
INSERT [dbo].[ProductBrands] ([Id], [Name], [CreatedBy], [UpdatedBy], [DateTimeCreated], [DateTimeUpdated]) VALUES (N'055944e7-46a2-49a4-96c7-7ed15816a05d', N'Redis', N'SYSTEM', N'SYSTEM', CAST(N'2022-06-24T16:42:18.8449827+08:00' AS DateTimeOffset), CAST(N'2022-06-24T16:42:18.8449827+08:00' AS DateTimeOffset))
INSERT [dbo].[ProductBrands] ([Id], [Name], [CreatedBy], [UpdatedBy], [DateTimeCreated], [DateTimeUpdated]) VALUES (N'47b537b5-03c1-47fa-a526-8edb81ec9ffb', N'Angular', N'SYSTEM', N'SYSTEM', CAST(N'2022-06-24T16:42:18.8449827+08:00' AS DateTimeOffset), CAST(N'2022-06-24T16:42:18.8449827+08:00' AS DateTimeOffset))
INSERT [dbo].[ProductBrands] ([Id], [Name], [CreatedBy], [UpdatedBy], [DateTimeCreated], [DateTimeUpdated]) VALUES (N'acfb7130-df6b-4a2f-b1ab-ed40920694cf', N'NetCore', N'SYSTEM', N'SYSTEM', CAST(N'2022-06-24T16:42:18.8449827+08:00' AS DateTimeOffset), CAST(N'2022-06-24T16:42:18.8449827+08:00' AS DateTimeOffset))

INSERT [dbo].[ProductTypes] ([Id], [Name], [CreatedBy], [UpdatedBy], [DateTimeCreated], [DateTimeUpdated]) VALUES (N'465e708b-d880-41fa-9cfd-127af18ba615', N'Hats', N'SYSTEM', N'SYSTEM', CAST(N'2022-06-24T16:42:18.8449827+08:00' AS DateTimeOffset), CAST(N'2022-06-24T16:42:18.8449827+08:00' AS DateTimeOffset))
INSERT [dbo].[ProductTypes] ([Id], [Name], [CreatedBy], [UpdatedBy], [DateTimeCreated], [DateTimeUpdated]) VALUES (N'10053820-3e91-4069-9ea6-9c560c1edd85', N'Gloves', N'SYSTEM', N'SYSTEM', CAST(N'2022-06-24T16:42:18.8449827+08:00' AS DateTimeOffset), CAST(N'2022-06-24T16:42:18.8449827+08:00' AS DateTimeOffset))
INSERT [dbo].[ProductTypes] ([Id], [Name], [CreatedBy], [UpdatedBy], [DateTimeCreated], [DateTimeUpdated]) VALUES (N'8614f3de-896d-45ea-b68b-b4661ba4a883', N'Boards', N'SYSTEM', N'SYSTEM', CAST(N'2022-06-24T16:42:18.8449827+08:00' AS DateTimeOffset), CAST(N'2022-06-24T16:42:18.8449827+08:00' AS DateTimeOffset))
INSERT [dbo].[ProductTypes] ([Id], [Name], [CreatedBy], [UpdatedBy], [DateTimeCreated], [DateTimeUpdated]) VALUES (N'f4165ad3-660a-4b36-bfd7-bd51b3b75d15', N'Boots', N'SYSTEM', N'SYSTEM', CAST(N'2022-06-24T16:42:18.8449827+08:00' AS DateTimeOffset), CAST(N'2022-06-24T16:42:18.8449827+08:00' AS DateTimeOffset))

INSERT [dbo].[Products] ([Id], [Name], [Description], [Price], [PictureUrl], [ProductTypeId], [ProductBrandId], [CreatedBy], [UpdatedBy], [DateTimeCreated], [DateTimeUpdated]) VALUES (N'3a331bda-96f8-49e3-bc7c-199a47ac4b06', N'Purple React Woolen Hat', N'Fusce posuere, magna sed pulvinar ultricies, purus lectus malesuada libero, sit amet commodo magna eros quis urna.', CAST(15.00 AS Decimal(18, 2)), N'images/products/hat-react2.png', N'465e708b-d880-41fa-9cfd-127af18ba615', N'1744944f-c277-4ab8-b6ed-36bbb5cdc27b', N'SYSTEM', N'SYSTEM', CAST(N'2022-06-24T16:42:18.8449827+08:00' AS DateTimeOffset), CAST(N'2022-06-24T16:42:18.8449827+08:00' AS DateTimeOffset))
INSERT [dbo].[Products] ([Id], [Name], [Description], [Price], [PictureUrl], [ProductTypeId], [ProductBrandId], [CreatedBy], [UpdatedBy], [DateTimeCreated], [DateTimeUpdated]) VALUES (N'535801fb-c3bc-4c53-b08c-2f7b361f5651', N'Green Angular Board 3000', N'Nunc viverra imperdiet enim. Fusce est. Vivamus a tellus.', CAST(150.00 AS Decimal(18, 2)), N'images/products/sb-ang2.png', N'8614f3de-896d-45ea-b68b-b4661ba4a883', N'47b537b5-03c1-47fa-a526-8edb81ec9ffb', N'SYSTEM', N'SYSTEM', CAST(N'2022-06-24T16:42:18.8449827+08:00' AS DateTimeOffset), CAST(N'2022-06-24T16:42:18.8449827+08:00' AS DateTimeOffset))
INSERT [dbo].[Products] ([Id], [Name], [Description], [Price], [PictureUrl], [ProductTypeId], [ProductBrandId], [CreatedBy], [UpdatedBy], [DateTimeCreated], [DateTimeUpdated]) VALUES (N'894f27ad-c827-4d3c-b107-2ff1765f86eb', N'Green Code Gloves', N'Pellentesque habitant morbi tristique senectus et netus et malesuada fames ac turpis egestas. Proin pharetra nonummy pede. Mauris et orci.', CAST(15.00 AS Decimal(18, 2)), N'images/products/glove-code2.png', N'10053820-3e91-4069-9ea6-9c560c1edd85', N'b42329b3-99f3-4164-aba7-61364c58ad03', N'SYSTEM', N'SYSTEM', CAST(N'2022-06-24T16:42:18.8449827+08:00' AS DateTimeOffset), CAST(N'2022-06-24T16:42:18.8449827+08:00' AS DateTimeOffset))
INSERT [dbo].[Products] ([Id], [Name], [Description], [Price], [PictureUrl], [ProductTypeId], [ProductBrandId], [CreatedBy], [UpdatedBy], [DateTimeCreated], [DateTimeUpdated]) VALUES (N'aee4f817-275c-47ae-b797-36d4ddccaf3e', N'Net Core Super Board', N'Pellentesque habitant morbi tristique senectus et netus et malesuada fames ac turpis egestas. Proin pharetra nonummy pede. Mauris et orci.', CAST(300.00 AS Decimal(18, 2)), N'images/products/sb-core2.png', N'8614f3de-896d-45ea-b68b-b4661ba4a883', N'acfb7130-df6b-4a2f-b1ab-ed40920694cf', N'SYSTEM', N'SYSTEM', CAST(N'2022-06-24T16:42:18.8449827+08:00' AS DateTimeOffset), CAST(N'2022-06-24T16:42:18.8449827+08:00' AS DateTimeOffset))
INSERT [dbo].[Products] ([Id], [Name], [Description], [Price], [PictureUrl], [ProductTypeId], [ProductBrandId], [CreatedBy], [UpdatedBy], [DateTimeCreated], [DateTimeUpdated]) VALUES (N'27f78374-0e88-4e4a-ac11-504ba5094992', N'Green React Gloves', N'Pellentesque habitant morbi tristique senectus et netus et malesuada fames ac turpis egestas. Proin pharetra nonummy pede. Mauris et orci.', CAST(14.00 AS Decimal(18, 2)), N'images/products/glove-react2.png', N'10053820-3e91-4069-9ea6-9c560c1edd85', N'1744944f-c277-4ab8-b6ed-36bbb5cdc27b', N'SYSTEM', N'SYSTEM', CAST(N'2022-06-24T16:42:18.8449827+08:00' AS DateTimeOffset), CAST(N'2022-06-24T16:42:18.8449827+08:00' AS DateTimeOffset))
INSERT [dbo].[Products] ([Id], [Name], [Description], [Price], [PictureUrl], [ProductTypeId], [ProductBrandId], [CreatedBy], [UpdatedBy], [DateTimeCreated], [DateTimeUpdated]) VALUES (N'30df38c3-20e5-4f03-876a-51f60fd3a51a', N'Core Blue Hat', N'Fusce posuere, magna sed pulvinar ultricies, purus lectus malesuada libero, sit amet commodo magna eros quis urna.', CAST(10.00 AS Decimal(18, 2)), N'images/products/hat-core1.png', N'465e708b-d880-41fa-9cfd-127af18ba615', N'acfb7130-df6b-4a2f-b1ab-ed40920694cf', N'SYSTEM', N'SYSTEM', CAST(N'2022-06-24T16:42:18.8449827+08:00' AS DateTimeOffset), CAST(N'2022-06-24T16:42:18.8449827+08:00' AS DateTimeOffset))
INSERT [dbo].[Products] ([Id], [Name], [Description], [Price], [PictureUrl], [ProductTypeId], [ProductBrandId], [CreatedBy], [UpdatedBy], [DateTimeCreated], [DateTimeUpdated]) VALUES (N'befbd375-b78f-4ac2-8942-5c5e44a8040f', N'Core Purple Boots', N'Pellentesque habitant morbi tristique senectus et netus et malesuada fames ac turpis egestas. Proin pharetra nonummy pede. Mauris et orci.', CAST(199.99 AS Decimal(18, 2)), N'images/products/boot-core1.png', N'f4165ad3-660a-4b36-bfd7-bd51b3b75d15', N'acfb7130-df6b-4a2f-b1ab-ed40920694cf', N'SYSTEM', N'SYSTEM', CAST(N'2022-06-24T16:42:18.8449827+08:00' AS DateTimeOffset), CAST(N'2022-06-24T16:42:18.8449827+08:00' AS DateTimeOffset))
INSERT [dbo].[Products] ([Id], [Name], [Description], [Price], [PictureUrl], [ProductTypeId], [ProductBrandId], [CreatedBy], [UpdatedBy], [DateTimeCreated], [DateTimeUpdated]) VALUES (N'b2fa4193-61d8-41c4-9f78-6d726dd51df6', N'Angular Purple Boots', N'Aenean nec lorem. In porttitor. Donec laoreet nonummy augue.', CAST(150.00 AS Decimal(18, 2)), N'images/products/boot-ang2.png', N'f4165ad3-660a-4b36-bfd7-bd51b3b75d15', N'47b537b5-03c1-47fa-a526-8edb81ec9ffb', N'SYSTEM', N'SYSTEM', CAST(N'2022-06-24T16:42:18.8449827+08:00' AS DateTimeOffset), CAST(N'2022-06-24T16:42:18.8449827+08:00' AS DateTimeOffset))
INSERT [dbo].[Products] ([Id], [Name], [Description], [Price], [PictureUrl], [ProductTypeId], [ProductBrandId], [CreatedBy], [UpdatedBy], [DateTimeCreated], [DateTimeUpdated]) VALUES (N'e9410dc0-9b82-4cb2-9a9c-7babddf283dc', N'Purple React Gloves', N'Lorem ipsum dolor sit amet, consectetuer adipiscing elit. Maecenas porttitor congue massa. ', CAST(16.00 AS Decimal(18, 2)), N'images/products/glove-react1.png', N'10053820-3e91-4069-9ea6-9c560c1edd85', N'1744944f-c277-4ab8-b6ed-36bbb5cdc27b', N'SYSTEM', N'SYSTEM', CAST(N'2022-06-24T16:42:18.8449827+08:00' AS DateTimeOffset), CAST(N'2022-06-24T16:42:18.8449827+08:00' AS DateTimeOffset))
INSERT [dbo].[Products] ([Id], [Name], [Description], [Price], [PictureUrl], [ProductTypeId], [ProductBrandId], [CreatedBy], [UpdatedBy], [DateTimeCreated], [DateTimeUpdated]) VALUES (N'688b3516-1409-4b8d-8f1a-7e3d24543f2a', N'Angular Blue Boots', N'Suspendisse dui purus, scelerisque at, vulputate vitae, pretium mattis, nunc. Mauris eget neque at sem venenatis eleifend. Ut nonummy.', CAST(180.00 AS Decimal(18, 2)), N'images/products/boot-ang1.png', N'f4165ad3-660a-4b36-bfd7-bd51b3b75d15', N'47b537b5-03c1-47fa-a526-8edb81ec9ffb', N'SYSTEM', N'SYSTEM', CAST(N'2022-06-24T16:42:18.8449827+08:00' AS DateTimeOffset), CAST(N'2022-06-24T16:42:18.8449827+08:00' AS DateTimeOffset))
INSERT [dbo].[Products] ([Id], [Name], [Description], [Price], [PictureUrl], [ProductTypeId], [ProductBrandId], [CreatedBy], [UpdatedBy], [DateTimeCreated], [DateTimeUpdated]) VALUES (N'9d4767d6-3794-4130-afec-884e4ae489ff', N'Blue Code Gloves', N'Nunc viverra imperdiet enim. Fusce est. Vivamus a tellus.', CAST(18.00 AS Decimal(18, 2)), N'images/products/glove-code1.png', N'10053820-3e91-4069-9ea6-9c560c1edd85', N'b42329b3-99f3-4164-aba7-61364c58ad03', N'SYSTEM', N'SYSTEM', CAST(N'2022-06-24T16:42:18.8449827+08:00' AS DateTimeOffset), CAST(N'2022-06-24T16:42:18.8449827+08:00' AS DateTimeOffset))
INSERT [dbo].[Products] ([Id], [Name], [Description], [Price], [PictureUrl], [ProductTypeId], [ProductBrandId], [CreatedBy], [UpdatedBy], [DateTimeCreated], [DateTimeUpdated]) VALUES (N'd127517a-a9cd-47e2-8e87-88c574f55903', N'Core Red Boots', N'Lorem ipsum dolor sit amet, consectetuer adipiscing elit. Maecenas porttitor congue massa. Fusce posuere, magna sed pulvinar ultricies, purus lectus malesuada libero, sit amet commodo magna eros quis urna.', CAST(189.99 AS Decimal(18, 2)), N'images/products/boot-core2.png', N'f4165ad3-660a-4b36-bfd7-bd51b3b75d15', N'acfb7130-df6b-4a2f-b1ab-ed40920694cf', N'SYSTEM', N'SYSTEM', CAST(N'2022-06-24T16:42:18.8449827+08:00' AS DateTimeOffset), CAST(N'2022-06-24T16:42:18.8449827+08:00' AS DateTimeOffset))
INSERT [dbo].[Products] ([Id], [Name], [Description], [Price], [PictureUrl], [ProductTypeId], [ProductBrandId], [CreatedBy], [UpdatedBy], [DateTimeCreated], [DateTimeUpdated]) VALUES (N'a7d8ac42-7286-4ddd-aa3c-8e8b48e51539', N'Redis Red Boots', N'Suspendisse dui purus, scelerisque at, vulputate vitae, pretium mattis, nunc. Mauris eget neque at sem venenatis eleifend. Ut nonummy.', CAST(250.00 AS Decimal(18, 2)), N'images/products/boot-redis1.png', N'f4165ad3-660a-4b36-bfd7-bd51b3b75d15', N'055944e7-46a2-49a4-96c7-7ed15816a05d', N'SYSTEM', N'SYSTEM', CAST(N'2022-06-24T16:42:18.8449827+08:00' AS DateTimeOffset), CAST(N'2022-06-24T16:42:18.8449827+08:00' AS DateTimeOffset))
INSERT [dbo].[Products] ([Id], [Name], [Description], [Price], [PictureUrl], [ProductTypeId], [ProductBrandId], [CreatedBy], [UpdatedBy], [DateTimeCreated], [DateTimeUpdated]) VALUES (N'dac25944-74fd-4c29-a832-94aab99eea12', N'Angular Speedster Board 2000', N'Lorem ipsum dolor sit amet, consectetuer adipiscing elit. Maecenas porttitor congue massa. Fusce posuere, magna sed pulvinar ultricies, purus lectus malesuada libero, sit amet commodo magna eros quis urna.', CAST(200.00 AS Decimal(18, 2)), N'images/products/sb-ang1.png', N'8614f3de-896d-45ea-b68b-b4661ba4a883', N'47b537b5-03c1-47fa-a526-8edb81ec9ffb', N'SYSTEM', N'SYSTEM', CAST(N'2022-06-24T16:42:18.8449827+08:00' AS DateTimeOffset), CAST(N'2022-06-24T16:42:18.8449827+08:00' AS DateTimeOffset))
INSERT [dbo].[Products] ([Id], [Name], [Description], [Price], [PictureUrl], [ProductTypeId], [ProductBrandId], [CreatedBy], [UpdatedBy], [DateTimeCreated], [DateTimeUpdated]) VALUES (N'f9d49124-d9cb-47bc-89c0-9bef9293999f', N'Typescript Entry Board', N'Aenean nec lorem. In porttitor. Donec laoreet nonummy augue.', CAST(120.00 AS Decimal(18, 2)), N'images/products/sb-ts1.png', N'8614f3de-896d-45ea-b68b-b4661ba4a883', N'f027ad40-0043-4363-88d5-6d80c3166c08', N'SYSTEM', N'SYSTEM', CAST(N'2022-06-24T16:42:18.8449827+08:00' AS DateTimeOffset), CAST(N'2022-06-24T16:42:18.8449827+08:00' AS DateTimeOffset))
INSERT [dbo].[Products] ([Id], [Name], [Description], [Price], [PictureUrl], [ProductTypeId], [ProductBrandId], [CreatedBy], [UpdatedBy], [DateTimeCreated], [DateTimeUpdated]) VALUES (N'e3677c2c-3fdf-4afe-8a04-c139a08ab446', N'Core Board Speed Rush 3', N'Suspendisse dui purus, scelerisque at, vulputate vitae, pretium mattis, nunc. Mauris eget neque at sem venenatis eleifend. Ut nonummy.', CAST(180.00 AS Decimal(18, 2)), N'images/products/sb-core1.png', N'8614f3de-896d-45ea-b68b-b4661ba4a883', N'acfb7130-df6b-4a2f-b1ab-ed40920694cf', N'SYSTEM', N'SYSTEM', CAST(N'2022-06-24T16:42:18.8449827+08:00' AS DateTimeOffset), CAST(N'2022-06-24T16:42:18.8449827+08:00' AS DateTimeOffset))
INSERT [dbo].[Products] ([Id], [Name], [Description], [Price], [PictureUrl], [ProductTypeId], [ProductBrandId], [CreatedBy], [UpdatedBy], [DateTimeCreated], [DateTimeUpdated]) VALUES (N'ed1028e2-4c7b-4bb1-8061-c56fae0ec31d', N'Green React Woolen Hat', N'Suspendisse dui purus, scelerisque at, vulputate vitae, pretium mattis, nunc. Mauris eget neque at sem venenatis eleifend. Ut nonummy.', CAST(8.00 AS Decimal(18, 2)), N'images/products/hat-react1.png', N'465e708b-d880-41fa-9cfd-127af18ba615', N'1744944f-c277-4ab8-b6ed-36bbb5cdc27b', N'SYSTEM', N'SYSTEM', CAST(N'2022-06-24T16:42:18.8449827+08:00' AS DateTimeOffset), CAST(N'2022-06-24T16:42:18.8449827+08:00' AS DateTimeOffset))
INSERT [dbo].[Products] ([Id], [Name], [Description], [Price], [PictureUrl], [ProductTypeId], [ProductBrandId], [CreatedBy], [UpdatedBy], [DateTimeCreated], [DateTimeUpdated]) VALUES (N'586f6b0d-7812-455e-a498-d64142179c93', N'React Board Super Whizzy Fast', N'Lorem ipsum dolor sit amet, consectetuer adipiscing elit. Maecenas porttitor congue massa. Fusce posuere, magna sed pulvinar ultricies, purus lectus malesuada libero, sit amet commodo magna eros quis urna.', CAST(250.00 AS Decimal(18, 2)), N'images/products/sb-react1.png', N'8614f3de-896d-45ea-b68b-b4661ba4a883', N'1744944f-c277-4ab8-b6ed-36bbb5cdc27b', N'SYSTEM', N'SYSTEM', CAST(N'2022-06-24T16:42:18.8449827+08:00' AS DateTimeOffset), CAST(N'2022-06-24T16:42:18.8449827+08:00' AS DateTimeOffset))
